{
	"credit": "Made with Blockbench",
	"textures": {
		"particle": "item/entertainer_hat",
		"hat": "item/entertainer_hat"
	},
	"elements": [
		{
			"name": "hat_base",
			"from": [1, 0, 1],
			"to": [15, 3, 15],
			"rotation": {"angle": 0, "axis": "y", "origin": [1, 0, 1]},
			"faces": {
				"north": {"uv": [11, 0.75, 14, 1.5], "texture": "#hat"},
				"east": {"uv": [5, 2, 8, 2.75], "texture": "#hat"},
				"south": {"uv": [8, 3, 11, 3.75], "texture": "#hat"},
				"west": {"uv": [11, 2, 14, 2.75], "texture": "#hat"},
				"up": {"uv": [8, 0, 11, 3], "texture": "#hat"},
				"down": {"uv": [8, 0, 11, 3], "texture": "#hat"}
			}
		},
		{
			"name": "hat_top",
			"from": [4, 3, 4],
			"to": [12, 5, 12],
			"rotation": {"angle": 0, "axis": "y", "origin": [4, 3, 4]},
			"faces": {
				"north": {"uv": [2.25, 2.75, 3.75, 3.25], "texture": "#hat"},
				"east": {"uv": [2.25, 2.75, 3.75, 3.25], "texture": "#hat"},
				"south": {"uv": [2.25, 2.75, 3.75, 3.25], "texture": "#hat"},
				"west": {"uv": [2.25, 2.75, 3.75, 3.25], "texture": "#hat"},
				"up": {"uv": [2.25, 1.25, 3.75, 2.75], "texture": "#hat"},
				"down": {"uv": [0, 0, 8, 8], "texture": "#missing"}
			}
		},
		{
			"name": "feather",
			"from": [3.999, 3, 5],
			"to": [3.999, 9, 12],
			"rotation": {"angle": 0, "axis": "y", "origin": [4, 3, 5]},
			"faces": {
				"north": {"uv": [0, 0, 0, 8], "texture": "#missing"},
				"east": {"uv": [16, 1, 14.25, 2.5], "texture": "#hat"},
				"south": {"uv": [0, 0, 0, 8], "texture": "#missing"},
				"west": {"uv": [14.25, 1, 16, 2.5], "texture": "#hat"},
				"up": {"uv": [0, 0, 0, 8], "texture": "#missing"},
				"down": {"uv": [0, 0, 0, 8], "texture": "#missing"}
			}
		}
	],
	"display": {
		"head": {
			"translation": [0, 15.25, 0],
			"scale": [1.5, 1.5, 1.5]
		}
	}
}