{
  "credit": "CJMoseley (Moselbop) for TangoTek",
  "texture_size": [ 128, 128 ],
  "textures":  {
    "0":"item/warden_statue",
    "5":"item/warden_statue_heart"
  },
  "elements": [
    {
      "from": [-1,-5,4],
      "to": [17,16,15],
      "rotation": { "angle": 0, "axis": "y", "origin":[8,0,8] },
      "faces": {
        "north": { "uv":[1.375,1.375,3.625,4],"texture":"#0" },
        "east": { "uv": [0,1.375,1.375,4], "texture":"#0" },
        "south": { "uv":[5,1.375,7.25,4], "texture":"#0" },
        "west": { "uv":[3.625,1.375,5,4], "texture":"#0" },
        "up": { "uv": [3.625,1.375,1.375,0], "texture":"#0" },
        "down": {"uv": [5.875,0,3.625,1.375], "texture":"#0" }
      }
    },
    {"from":[8,-5,3.9],"to":[17,16,3.9],"rotation":{"angle":-22.5,"axis":"y","origin":[16,5.5,3.9]},"faces":{"north":{"uv":[11.25,1.375,12.375,4],"texture":"#0"},"east":{"uv":[11.25,1.375,11.25,4],"texture":"#0"},"south":{"uv":[12.375,1.375,13.5,4],"texture":"#0"},"west":{"uv":[12.375,1.375,12.375,4],"texture":"#0"},"up":{"uv":[12.375,1.375,11.25,1.375],"texture":"#0"},"down":{"uv":[13.5,1.375,12.375,1.375],"texture":"#0"}}},{"from":[2.1875,2,3],"to":[10.1875,10,5],"faces":{"north":{"uv":[1.625,2.125,3.25,3.5],"texture":"#5"},"east":{"uv":[0,0,0.25,0.25],"texture":"#5"},"south":{"uv":[0,0,0.25,0.25],"texture":"#5"},"west":{"uv":[0,0,0.25,0.25],"texture":"#5"},"up":{"uv":[0,0,0.25,0.25],"texture":"#5"},"down":{"uv":[0,0,0.25,0.25],"texture":"#5"}}},{"from":[-1,-5,3.9],"to":[8,16,3.9],"rotation":{"angle":22.5,"axis":"y","origin":[0.5,5.5,3.9]},"faces":{"north":{"uv":[12.375,1.375,11.25,4],"texture":"#0"},"east":{"uv":[12.375,1.375,12.375,4],"texture":"#0"},"south":{"uv":[13.5,1.375,12.375,4],"texture":"#0"},"west":{"uv":[11.25,1.375,11.25,4],"texture":"#0"},"up":{"uv":[11.25,1.375,12.375,1.375],"texture":"#0"},"down":{"uv":[12.375,1.375,13.5,1.375],"texture":"#0"}}},{"from":[0,12,3],"to":[16,28,13],"rotation":{"angle":0,"axis":"y","origin":[8,0,8]},"faces":{"north":{"uv":[1.25,5.25,3.25,7.25],"texture":"#0"},"east":{"uv":[0,5.25,1.25,7.25],"texture":"#0"},"south":{"uv":[4.5,5.25,6.5,7.25],"texture":"#0"},"west":{"uv":[3.25,5.25,4.5,7.25],"texture":"#0"},"up":{"uv":[3.25,5.25,1.25,4],"texture":"#0"},"down":{"uv":[5.25,4,3.25,5.25],"texture":"#0"}}},{"from":[16,20,8],"to":[32,32,8],"rotation":{"angle":0,"axis":"y","origin":[8,0,8]},"faces":{"north":{"uv":[6.5,4.625,8.5,6.25],"texture":"#0"},"east":{"uv":[6.5,4,6.5,6],"texture":"#0"},"south":{"uv":[7.375,0.5,9.375,2.125],"texture":"#0"},"west":{"uv":[8.5,4,8.5,6],"texture":"#0"},"up":{"uv":[8.5,4,6.5,4],"texture":"#0"},"down":{"uv":[10.5,4,8.5,4],"texture":"#0"}}},{"from":[-16,20,8],"to":[0,32,8],"rotation":{"angle":0,"axis":"y","origin":[8,0,8]},"faces":{"north":{"uv":[7.25,0.625,9.25,2.125],"texture":"#0"},"east":{"uv":[7.25,0.625,7.25,2.125],"texture":"#0"},"south":{"uv":[6.5,4.625,8.5,6.125],"texture":"#0"},"west":{"uv":[9.25,0.625,9.25,2.125],"texture":"#0"},"up":{"uv":[9.25,0.625,7.25,0.625],"texture":"#0"},"down":{"uv":[11.25,0.625,9.25,0.625],"texture":"#0"}}},{"from":[17,-12,5],"to":[25,16,13],"rotation":{"angle":22.5,"axis":"z","origin":[21,11,9]},"faces":{"north":{"uv":[6.5,7.25,7.5,10.75],"texture":"#0"},"east":{"uv":[5.5,7.25,6.5,10.75],"texture":"#0"},"south":{"uv":[8.5,7.25,9.5,10.75],"texture":"#0"},"west":{"uv":[7.5,7.25,8.5,10.75],"texture":"#0"},"up":{"uv":[7.5,7.25,6.5,6.25],"texture":"#0"},"down":{"uv":[8.5,6.25,7.5,7.25],"texture":"#0"}}},{"from":[-9,-12,5],"to":[-1,16,13],"rotation":{"angle":-22.5,"axis":"z","origin":[-5,11,9]},"faces":{"north":{"uv":[1,8.25,2,11.75],"texture":"#0"},"east":{"uv":[0,8.25,1,11.75],"texture":"#0"},"south":{"uv":[3,8.25,4,11.75],"texture":"#0"},"west":{"uv":[2,8.25,3,11.75],"texture":"#0"},"up":{"uv":[2,8.25,1,7.25],"texture":"#0"},"down":{"uv":[3,7.25,2,8.25],"texture":"#0"}}},{"from":[11,-15.9375,5],"to":[17,-2.9375,11],"rotation":{"angle":0,"axis":"y","origin":[14,-5.8125,8]},"faces":{"north":{"uv":[10.25,6.75,11,8.375],"texture":"#0"},"east":{"uv":[9.5,6.75,10.25,8.375],"texture":"#0"},"south":{"uv":[11.75,6.75,12.5,8.375],"texture":"#0"},"west":{"uv":[11,6.75,11.75,8.375],"texture":"#0"},"up":{"uv":[11,6.75,10.25,6],"texture":"#0"},"down":{"uv":[11.75,6,11,6.75],"texture":"#0"}}},{"from":[-1,-16,5],"to":[5,-3,11],"rotation":{"angle":0,"axis":"y","origin":[2,-5.75,8]},"faces":{"north":{"uv":[10.25,10.25,11,11.875],"texture":"#0"},"east":{"uv":[9.5,10.25,10.25,11.875],"texture":"#0"},"south":{"uv":[11.75,10.25,12.5,11.875],"texture":"#0"},"west":{"uv":[11,10.25,11.75,11.875],"texture":"#0"},"up":{"uv":[11,10.25,10.25,9.5],"texture":"#0"},"down":{"uv":[11.75,9.5,11,10.25],"texture":"#0"}}}],"gui_light":"front","display":{"thirdperson_righthand":{"scale":[0.4,0.4,0.4]},"thirdperson_lefthand":{"scale":[0.4,0.4,0.4]},"firstperson_righthand":{"scale":[0.4,0.4,0.4]},"firstperson_lefthand":{"scale":[0.4,0.4,0.4]},"ground":{"scale":[0.4,0.4,0.4]},"gui":{"scale":[0.33,0.32,0.33]},"head":{"translation":[0,3.5,0],"scale":[1.95,1.95,1.95]},"fixed":{"scale":[0.75,0.75,0.75]}},"groups":[{"name":"root","origin":[8,0,8],"color":0,"nbt":"{}","children":[{"name":"body","origin":[8,21,8],"color":1,"nbt":"{}","children":[0,{"name":"right_ribcage","origin":[15,23,4],"color":2,"nbt":"{}","children":[1,2]},{"name":"left_ribcage","origin":[1,23,4],"color":3,"nbt":"{}","children":[3]},{"name":"head","origin":[8,34,8],"color":4,"nbt":"{}","children":[4,{"name":"right_tendril","origin":[16,46,8],"color":5,"nbt":"{}","children":[5]},{"name":"left_tendril","origin":[0,46,8],"color":6,"nbt":"{}","children":[6]}]},{"name":"right_arm","origin":[21,34,9],"color":7,"nbt":"{}","children":[7]},{"name":"left_arm","origin":[-5,34,9],"color":8,"nbt":"{}","children":[8]}]},{"name":"right_leg","origin":[13.9,13,8],"color":9,"nbt":"{}","children":[9]},{"name":"left_leg","origin":[2.1,13,8],"color":0,"nbt":"{}","children":[10]}]}]}